school,sex,age,address,famsize,Pstatus,Medu,Fedu,Mjob,Fjob,reason,guardian,traveltime,studytime,failures,schoolsup,famsup,paid,activities,nursery,higher,internet,romantic,famrel,freetime,goout,Dalc,Walc,health,absences,G1,G2,actual_performance,predicted_performance,correct
GP,M,16,U,LE3,A,3,4,services,other,home,mother,1,2,0,yes,yes,yes,yes,yes,yes,yes,no,5,3,3,1,1,5,2,12,12,Pass,Pass,True
GP,F,16,U,GT3,T,2,2,other,other,home,mother,1,2,0,no,no,no,no,yes,yes,yes,yes,5,4,4,1,1,5,0,12,11,Pass,Pass,True
GP,F,16,U,GT3,A,3,4,services,other,course,father,1,1,0,no,no,no,no,yes,yes,yes,no,3,2,1,1,4,5,12,15,13,Pass,Pass,True
MS,F,18,R,GT3,T,2,2,at_home,other,other,mother,2,3,0,no,no,no,no,yes,yes,no,no,5,3,3,1,3,4,0,14,17,Pass,Pass,True
MS,M,19,U,GT3,T,1,1,other,other,other,mother,1,2,2,no,yes,no,yes,yes,no,yes,no,4,4,3,3,4,4,2,9,9,Pass,Fail,False
MS,M,16,R,GT3,T,2,2,services,services,course,mother,2,1,0,no,yes,no,yes,yes,yes,yes,yes,5,4,3,2,4,4,6,7,8,Fail,Fail,True
MS,M,17,R,LE3,T,2,2,services,services,other,mother,3,4,1,no,yes,no,no,yes,yes,no,no,1,3,5,3,5,3,2,10,8,Fail,Pass,False
GP,F,17,U,GT3,T,2,2,services,services,reputation,mother,1,2,0,no,yes,no,yes,yes,yes,yes,no,4,3,4,1,3,4,0,13,17,Pass,Pass,True
MS,F,17,U,GT3,T,4,2,other,other,course,mother,2,2,0,no,yes,no,no,yes,yes,yes,no,4,3,3,1,2,4,0,17,18,Pass,Pass,True
GP,M,18,U,GT3,T,1,2,at_home,other,home,other,2,1,0,no,no,no,no,no,no,yes,no,3,4,4,2,4,4,10,10,10,Pass,Pass,True
MS,F,17,R,GT3,T,1,1,other,services,reputation,mother,3,1,1,no,yes,no,no,yes,yes,yes,yes,5,2,1,1,2,1,0,8,8,Fail,Fail,True
GP,M,17,R,GT3,T,3,4,at_home,other,course,mother,3,2,0,no,no,no,no,yes,yes,no,no,5,4,5,2,4,5,2,10,9,Pass,Pass,True
GP,F,18,U,LE3,T,2,2,at_home,services,course,mother,1,2,1,no,yes,no,no,no,yes,yes,yes,5,3,1,1,1,5,16,9,8,Pass,Pass,True
GP,F,18,U,GT3,T,2,3,other,services,reputation,father,1,4,0,no,yes,no,yes,yes,yes,yes,yes,4,5,5,1,3,2,10,16,16,Pass,Pass,True
MS,F,18,R,GT3,A,4,3,services,services,course,mother,1,1,0,no,yes,no,no,yes,yes,yes,no,5,4,4,3,4,2,8,10,11,Pass,Pass,True
GP,M,17,R,GT3,T,2,2,services,other,course,mother,4,1,0,no,yes,no,no,yes,yes,yes,no,4,4,5,5,5,4,2,11,10,Pass,Pass,True
MS,M,18,U,GT3,T,4,4,teacher,teacher,home,father,1,2,0,no,no,no,yes,no,yes,yes,no,3,2,4,1,4,2,4,17,18,Pass,Pass,True
MS,F,18,U,GT3,T,1,1,at_home,services,course,mother,3,2,1,no,no,no,no,yes,no,no,no,4,4,2,1,2,2,2,9,10,Pass,Pass,True
GP,M,15,U,GT3,A,3,4,services,other,course,mother,1,2,0,no,yes,no,yes,yes,yes,yes,no,5,4,4,1,1,1,0,16,16,Pass,Pass,True
GP,F,15,U,LE3,A,3,3,other,other,other,mother,1,1,0,no,no,no,no,yes,yes,yes,no,5,3,4,4,4,1,0,13,12,Pass,Pass,True
GP,M,15,U,LE3,A,4,2,health,health,other,father,2,1,0,no,no,no,no,yes,yes,no,no,5,5,5,3,4,5,4,10,9,Fail,Pass,False
GP,F,18,R,GT3,A,3,2,other,services,home,mother,2,2,0,no,no,no,no,no,no,yes,yes,4,1,1,1,1,5,15,12,9,Pass,Pass,True
GP,F,18,U,GT3,T,2,1,other,other,home,mother,1,2,0,no,yes,no,no,yes,yes,yes,yes,4,2,5,1,2,1,8,14,14,Pass,Pass,True
MS,M,19,R,GT3,T,1,1,other,services,home,other,3,2,1,no,no,no,no,yes,yes,yes,no,5,4,4,3,3,2,8,10,9,Pass,Pass,True
MS,F,16,U,GT3,T,1,3,at_home,other,other,father,2,1,0,no,yes,no,no,yes,no,yes,yes,4,3,3,1,3,5,11,10,11,Pass,Pass,True
GP,M,16,R,GT3,T,2,2,at_home,other,course,mother,3,1,0,no,no,no,no,no,yes,no,no,4,2,2,1,2,3,4,12,10,Pass,Pass,True
MS,M,18,R,LE3,T,1,2,at_home,services,other,father,3,1,0,no,yes,no,yes,yes,no,yes,yes,4,3,3,2,3,3,3,9,10,Pass,Pass,True
GP,F,16,U,GT3,T,4,4,teacher,services,home,mother,1,3,0,no,yes,no,yes,no,yes,yes,no,5,3,2,1,1,5,4,15,16,Pass,Pass,True
GP,M,17,R,LE3,A,4,4,teacher,other,course,mother,2,2,0,no,yes,no,no,yes,yes,yes,no,3,3,3,2,3,4,0,12,12,Pass,Pass,True
GP,M,15,U,LE3,T,3,3,other,other,course,mother,1,2,0,no,no,no,yes,no,yes,yes,no,5,3,2,1,1,2,0,13,12,Pass,Pass,True
GP,M,18,R,GT3,T,2,3,other,services,reputation,father,1,1,0,no,no,no,no,yes,yes,yes,no,3,1,3,4,5,4,13,13,14,Pass,Pass,True
MS,M,17,U,GT3,T,3,3,health,other,course,mother,2,2,1,no,yes,no,no,yes,yes,yes,no,4,5,4,2,3,3,4,8,9,Pass,Fail,False
GP,M,17,U,LE3,T,4,4,services,other,home,mother,1,2,0,no,yes,no,no,yes,yes,yes,yes,5,3,5,4,5,3,15,13,12,Pass,Pass,True
MS,F,18,R,LE3,A,3,2,other,other,course,other,2,3,2,no,yes,no,no,no,no,no,yes,3,3,2,1,1,2,6,7,9,Pass,Fail,False
GP,M,15,U,LE3,T,4,4,teacher,other,home,other,1,1,0,no,yes,no,no,no,yes,yes,yes,5,4,3,2,4,5,8,10,11,Pass,Pass,True
MS,M,17,R,GT3,T,2,2,other,other,course,mother,2,1,0,no,no,no,yes,yes,no,no,yes,5,5,5,3,5,5,0,8,13,Pass,Pass,True
MS,F,16,R,LE3,T,1,1,services,services,home,mother,1,1,0,no,yes,no,yes,yes,yes,yes,yes,4,4,4,2,2,4,2,14,14,Pass,Pass,True
GP,F,17,U,LE3,A,4,2,teacher,other,course,mother,1,2,0,no,yes,no,yes,yes,yes,no,no,4,3,2,1,1,4,4,15,14,Pass,Pass,True
MS,F,17,R,GT3,T,4,4,teacher,services,other,father,2,2,0,no,yes,yes,yes,yes,yes,yes,no,4,3,3,1,2,5,2,12,12,Pass,Pass,True
MS,M,16,R,GT3,T,3,4,other,health,other,mother,3,2,0,no,no,no,no,no,yes,no,no,3,4,5,1,2,5,4,9,10,Pass,Pass,True
MS,F,18,R,LE3,A,4,2,teacher,other,reputation,mother,1,2,0,no,no,no,yes,yes,yes,yes,yes,5,3,1,1,1,5,0,5,0,Fail,Pass,False
GP,F,18,U,GT3,T,2,2,other,other,course,mother,1,1,0,no,yes,no,yes,yes,yes,yes,yes,4,3,5,2,4,5,2,10,10,Pass,Pass,True
MS,M,15,R,LE3,T,4,1,health,services,reputation,father,1,2,0,no,yes,no,yes,yes,yes,yes,no,5,3,4,1,2,2,7,7,9,Fail,Pass,False
MS,M,18,U,LE3,T,4,4,teacher,services,other,mother,2,3,0,no,no,no,no,yes,yes,yes,yes,4,2,2,2,2,5,0,15,16,Pass,Pass,True
GP,F,17,U,GT3,T,4,2,other,other,reputation,mother,2,3,0,no,yes,no,no,yes,yes,yes,no,4,3,3,1,1,3,0,16,16,Pass,Pass,True
GP,M,15,U,GT3,T,2,3,other,other,home,mother,1,3,0,yes,no,no,no,no,yes,yes,no,5,3,2,1,2,5,2,10,9,Fail,Pass,False
GP,M,18,U,LE3,T,4,4,teacher,teacher,home,mother,1,1,0,no,yes,no,no,yes,yes,yes,yes,1,4,2,2,2,1,0,18,18,Pass,Pass,True
GP,M,17,U,GT3,T,2,2,other,other,home,father,2,1,0,no,no,no,no,yes,no,yes,no,4,4,4,2,3,4,8,8,8,Fail,Fail,True
MS,M,16,U,GT3,A,1,2,other,other,other,mother,1,3,0,yes,no,no,no,yes,yes,yes,no,4,4,3,1,1,5,0,10,11,Pass,Pass,True
GP,M,18,U,GT3,T,4,2,teacher,other,home,mother,1,2,0,no,yes,no,yes,yes,yes,yes,yes,4,3,2,1,4,5,2,15,16,Pass,Pass,True
GP,F,16,U,GT3,T,2,3,other,other,reputation,mother,1,2,0,yes,yes,no,yes,yes,yes,no,no,4,4,3,1,3,4,4,11,12,Pass,Pass,True
GP,F,16,U,GT3,T,2,2,other,other,home,mother,1,2,0,no,yes,no,no,no,yes,yes,no,5,1,5,1,1,4,0,12,12,Pass,Pass,True
MS,F,16,R,LE3,T,2,2,other,other,course,mother,1,3,0,no,yes,no,no,no,yes,no,yes,4,3,3,2,2,5,2,11,11,Pass,Pass,True
GP,M,15,U,LE3,T,4,3,teacher,services,home,mother,1,3,0,no,yes,no,yes,yes,yes,yes,no,5,4,3,1,1,4,0,14,14,Pass,Pass,True
MS,F,16,R,GT3,T,2,2,other,other,course,mother,2,2,0,no,yes,no,yes,yes,yes,yes,no,4,4,4,1,1,5,0,12,12,Pass,Pass,True
GP,F,15,U,GT3,T,4,4,services,services,course,mother,1,1,0,yes,yes,no,no,yes,yes,yes,no,3,3,4,2,3,5,0,13,12,Pass,Pass,True
MS,F,17,R,GT3,T,3,1,other,other,course,mother,2,2,3,no,yes,no,yes,no,yes,yes,yes,5,4,4,1,1,5,2,7,9,Pass,Fail,False
GP,F,16,U,GT3,T,2,1,other,other,home,mother,1,1,0,no,no,no,no,yes,yes,yes,yes,4,5,2,1,1,5,4,9,10,Pass,Pass,True
MS,F,17,U,GT3,T,4,2,teacher,services,home,mother,1,2,0,yes,yes,no,yes,yes,yes,yes,no,5,5,5,1,3,5,0,8,8,Fail,Fail,True
MS,F,17,U,GT3,T,2,2,other,at_home,home,mother,1,3,0,no,no,no,yes,yes,yes,no,yes,3,4,3,1,1,3,8,10,11,Pass,Pass,True
GP,M,17,R,GT3,T,3,2,other,other,course,mother,2,2,2,yes,yes,no,no,yes,yes,yes,yes,4,4,4,1,4,3,4,7,6,Fail,Fail,True
MS,F,18,R,GT3,T,4,4,other,teacher,other,father,3,2,0,no,yes,no,no,no,yes,yes,yes,3,2,2,4,2,5,0,7,5,Fail,Pass,False
MS,F,16,R,GT3,T,1,1,at_home,other,other,mother,2,1,0,no,no,no,yes,yes,yes,yes,yes,4,2,2,4,3,2,0,13,12,Pass,Pass,True
MS,F,16,U,GT3,T,4,4,health,health,course,mother,1,2,0,no,yes,no,no,yes,yes,yes,yes,4,3,4,1,2,3,4,8,8,Fail,Fail,True
GP,M,18,U,LE3,T,3,1,services,services,course,mother,2,1,0,no,no,no,yes,yes,yes,yes,yes,3,3,4,4,5,4,2,11,11,Pass,Pass,True
MS,F,17,U,GT3,T,3,2,at_home,other,home,mother,2,1,0,no,no,no,no,yes,yes,no,yes,4,3,3,2,2,1,5,9,11,Pass,Pass,True
GP,M,15,U,GT3,T,3,4,other,other,reputation,father,1,1,0,no,no,no,no,yes,yes,yes,no,3,4,3,1,2,4,2,14,13,Pass,Pass,True
GP,F,16,U,GT3,T,2,3,services,teacher,other,mother,1,2,0,yes,no,no,no,yes,yes,yes,no,2,3,1,1,1,3,0,13,13,Pass,Pass,True
MS,F,16,R,GT3,T,0,2,other,other,other,mother,2,1,0,no,yes,no,yes,yes,yes,no,no,3,2,3,1,2,2,0,12,11,Pass,Pass,True
MS,F,18,R,GT3,T,2,2,services,other,home,mother,2,3,0,no,no,no,no,yes,yes,yes,yes,4,2,1,1,1,4,5,14,14,Pass,Pass,True
GP,F,15,U,GT3,T,1,2,at_home,services,course,father,1,2,0,no,no,no,no,no,yes,no,yes,2,3,4,2,4,1,6,11,11,Pass,Pass,True
MS,M,15,U,LE3,A,2,1,services,services,course,mother,1,1,0,no,no,no,yes,yes,yes,yes,no,4,3,3,1,2,5,11,12,13,Pass,Pass,True
GP,F,16,U,LE3,T,3,3,other,other,reputation,mother,2,2,0,no,yes,no,yes,yes,yes,yes,no,4,4,5,1,1,4,0,14,14,Pass,Pass,True
MS,F,18,R,GT3,T,2,2,at_home,other,course,mother,3,2,1,no,no,no,yes,yes,yes,no,yes,4,3,3,1,1,4,0,9,0,Fail,Fail,True
MS,F,17,R,GT3,T,2,2,at_home,other,other,mother,1,1,0,no,yes,yes,no,yes,yes,yes,no,5,1,3,1,2,5,5,9,9,Fail,Pass,False
GP,F,17,U,LE3,T,4,3,health,other,reputation,father,1,2,0,no,no,no,yes,yes,yes,yes,yes,3,2,3,1,2,3,0,14,12,Pass,Pass,True
GP,M,15,U,GT3,A,2,2,other,other,home,other,1,3,0,no,yes,no,no,yes,yes,yes,yes,4,5,2,1,1,3,0,14,14,Pass,Pass,True
MS,M,17,U,LE3,T,4,4,other,services,home,mother,1,3,0,no,yes,no,no,yes,yes,yes,no,4,4,3,1,2,5,0,15,14,Pass,Pass,True
MS,F,18,U,GT3,T,2,2,services,at_home,reputation,father,2,2,0,no,no,no,yes,no,yes,yes,no,4,3,5,1,1,1,2,12,13,Pass,Pass,True
MS,M,17,U,GT3,T,1,2,other,other,course,father,1,1,1,no,yes,no,yes,yes,no,yes,yes,5,3,5,5,5,1,12,6,7,Fail,Fail,True
GP,M,16,R,GT3,T,3,3,services,services,reputation,mother,1,1,0,no,yes,no,yes,yes,yes,yes,no,4,3,2,3,4,5,0,11,10,Pass,Pass,True
GP,M,18,U,LE3,T,2,2,services,services,reputation,mother,1,2,0,no,yes,no,yes,no,no,yes,no,4,4,4,1,3,3,11,9,11,Pass,Pass,True
GP,M,16,U,GT3,T,2,2,services,other,reputation,father,2,2,0,no,no,no,yes,no,yes,yes,no,4,4,2,1,1,3,6,12,10,Pass,Pass,True
GP,F,16,U,GT3,T,4,4,other,other,reputation,mother,1,1,0,no,no,no,yes,no,yes,yes,no,5,3,4,1,2,1,4,12,13,Pass,Pass,True
MS,F,18,U,LE3,A,1,1,at_home,services,course,mother,1,2,0,no,no,no,no,yes,yes,no,yes,5,2,3,1,2,3,2,8,10,Pass,Pass,True
MS,F,17,U,GT3,T,4,3,teacher,other,other,mother,2,2,0,no,no,no,no,yes,yes,yes,no,5,5,4,1,1,1,0,6,9,Pass,Pass,True
GP,M,15,U,GT3,T,4,2,teacher,other,home,mother,1,2,0,no,yes,no,no,yes,yes,no,no,4,3,3,2,2,5,4,11,12,Pass,Pass,True
MS,F,16,R,GT3,T,1,1,other,other,home,father,4,4,0,no,yes,no,no,no,yes,yes,no,4,3,2,1,1,1,0,13,10,Pass,Pass,True
MS,F,16,R,GT3,T,2,3,at_home,services,other,mother,2,2,0,no,yes,no,yes,yes,yes,yes,no,3,3,3,1,1,2,0,8,10,Pass,Pass,True
GP,F,15,R,GT3,T,3,4,services,teacher,course,father,2,3,0,no,yes,no,no,yes,yes,yes,yes,4,2,2,2,2,5,0,10,11,Pass,Pass,True
GP,M,18,U,GT3,T,2,1,other,other,home,mother,1,2,0,no,no,no,yes,yes,yes,yes,no,5,2,4,1,2,4,2,16,16,Pass,Pass,True
GP,F,17,U,GT3,A,2,1,other,other,course,mother,2,3,0,no,no,no,yes,yes,yes,yes,yes,3,2,3,1,2,3,0,15,15,Pass,Pass,True
MS,F,18,U,GT3,T,3,3,services,services,other,mother,2,2,0,no,yes,no,no,yes,yes,yes,yes,4,3,2,1,3,3,6,13,12,Pass,Pass,True
MS,F,16,R,GT3,T,2,3,other,services,course,mother,3,2,0,no,yes,no,no,yes,yes,yes,no,4,5,4,1,2,1,2,15,15,Pass,Pass,True
GP,F,16,R,GT3,T,2,2,services,services,reputation,mother,2,4,0,no,yes,no,yes,no,yes,yes,no,5,3,5,1,1,5,6,13,13,Pass,Pass,True
MS,F,16,R,LE3,T,1,1,at_home,other,course,father,3,2,0,no,yes,no,no,yes,yes,no,no,5,3,2,1,1,1,0,16,17,Pass,Pass,True
GP,F,16,U,GT3,T,3,3,other,other,home,father,1,2,0,no,yes,no,no,yes,yes,no,no,4,3,2,1,2,5,0,11,13,Pass,Pass,True
MS,F,16,U,GT3,T,4,4,teacher,services,course,mother,2,3,0,no,yes,no,no,yes,yes,yes,yes,5,3,5,1,4,5,1,10,11,Pass,Pass,True
GP,F,17,U,LE3,T,3,3,other,other,reputation,mother,1,2,0,no,yes,no,yes,yes,yes,yes,yes,5,3,3,2,3,1,32,14,13,Pass,Pass,True
MS,F,18,R,GT3,T,1,1,at_home,at_home,course,mother,2,1,1,no,no,no,no,no,no,yes,yes,3,2,3,1,1,2,4,9,11,Pass,Pass,True
GP,F,19,U,LE3,A,2,3,at_home,other,home,other,2,1,1,no,no,no,no,yes,no,yes,no,2,2,3,3,4,5,16,10,11,Pass,Pass,True
MS,F,17,R,GT3,T,4,1,other,other,other,mother,1,1,0,no,no,no,no,yes,yes,yes,yes,4,2,3,1,2,5,1,13,14,Pass,Pass,True
MS,M,18,R,GT3,T,3,2,services,other,course,mother,1,1,1,no,no,no,no,yes,no,yes,no,2,3,1,2,2,5,0,4,0,Fail,Fail,True
MS,F,16,R,LE3,T,1,2,other,other,reputation,mother,2,1,0,no,no,no,yes,yes,yes,yes,no,5,4,5,1,4,2,0,14,14,Pass,Pass,True
GP,F,17,U,GT3,T,3,1,services,services,course,father,1,3,0,no,yes,no,no,no,yes,yes,no,3,4,3,2,3,5,0,17,18,Pass,Pass,True
GP,M,19,U,GT3,T,4,2,health,other,course,mother,2,2,0,no,yes,no,yes,yes,yes,yes,yes,5,4,4,1,1,1,9,11,10,Pass,Pass,True
GP,M,17,U,LE3,A,3,2,other,other,reputation,mother,1,2,0,no,yes,no,no,yes,yes,yes,no,4,4,4,1,2,5,10,16,18,Pass,Pass,True
GP,F,18,U,GT3,T,3,3,other,other,course,mother,2,1,1,no,no,no,no,yes,no,yes,no,4,1,1,1,1,3,14,8,7,Fail,Fail,True
MS,F,17,U,GT3,T,4,1,health,at_home,course,mother,1,1,0,no,yes,no,no,yes,yes,no,yes,3,2,2,1,1,5,0,8,10,Fail,Pass,False
GP,F,17,U,GT3,T,1,1,at_home,other,course,father,1,2,0,no,yes,no,no,no,yes,yes,no,5,3,3,1,1,3,2,9,11,Pass,Pass,True
GP,F,18,U,LE3,A,2,4,services,other,course,mother,2,2,1,no,yes,no,no,yes,yes,yes,no,4,3,3,1,1,3,18,10,10,Pass,Pass,True
GP,F,15,U,GT3,T,1,1,at_home,other,course,mother,3,1,0,no,yes,no,yes,no,yes,yes,yes,4,3,3,1,2,4,6,11,12,Pass,Pass,True
MS,F,17,U,LE3,T,4,4,at_home,at_home,course,mother,1,2,0,no,yes,no,yes,yes,yes,yes,yes,2,3,4,1,1,1,4,15,14,Pass,Pass,True
GP,M,17,U,LE3,T,4,3,teacher,other,course,mother,2,2,0,no,no,no,yes,yes,yes,yes,no,4,4,4,4,4,4,0,10,11,Pass,Pass,True
GP,F,16,U,GT3,A,2,1,other,other,other,mother,1,2,0,no,no,no,yes,yes,yes,yes,yes,5,3,4,1,1,2,2,12,13,Pass,Pass,True
GP,M,15,U,LE3,T,2,2,services,services,home,mother,2,2,0,no,no,yes,yes,yes,yes,yes,no,5,3,3,1,3,4,2,13,12,Pass,Pass,True
MS,F,17,R,GT3,T,4,2,other,other,course,mother,2,2,0,yes,yes,no,no,no,yes,yes,no,4,3,3,2,3,5,0,17,18,Pass,Pass,True
MS,M,19,R,GT3,T,1,1,other,other,home,other,3,1,1,no,yes,no,no,yes,yes,yes,no,4,4,4,3,3,5,4,8,9,Pass,Fail,False
MS,M,17,R,GT3,T,4,3,services,other,home,mother,2,2,1,no,yes,yes,yes,no,yes,yes,yes,4,5,5,1,3,2,4,10,11,Pass,Pass,True
MS,F,17,R,GT3,T,1,1,at_home,at_home,course,father,2,1,0,no,yes,no,yes,yes,no,yes,yes,3,5,5,2,2,4,3,10,11,Pass,Pass,True
GP,M,17,U,LE3,T,1,1,health,other,course,mother,2,1,1,no,yes,no,yes,yes,yes,yes,no,4,4,4,1,2,5,0,9,10,Pass,Pass,True
GP,M,17,U,GT3,T,4,4,teacher,teacher,course,mother,1,1,0,no,yes,no,yes,no,yes,yes,no,4,2,1,1,2,5,6,10,8,Fail,Pass,False
GP,M,15,U,GT3,T,4,4,other,teacher,reputation,father,2,2,0,no,yes,no,yes,yes,yes,no,no,4,4,3,1,1,2,4,16,15,Pass,Pass,True
GP,F,18,R,GT3,T,2,2,at_home,other,course,mother,2,4,0,no,no,no,yes,yes,yes,no,no,4,4,4,1,1,4,6,14,13,Pass,Pass,True
GP,F,18,U,GT3,T,3,2,at_home,other,reputation,father,1,3,0,no,yes,no,no,yes,yes,yes,yes,4,3,4,1,2,2,5,14,17,Pass,Pass,True
GP,M,17,R,GT3,T,1,1,other,other,home,father,2,3,0,no,no,no,no,no,yes,yes,yes,4,3,3,1,1,1,2,13,14,Pass,Pass,True
GP,M,16,U,LE3,T,1,1,other,other,home,mother,2,2,0,no,yes,no,no,yes,yes,yes,no,3,4,2,1,1,5,2,9,9,Fail,Pass,False
GP,F,16,U,GT3,T,2,3,services,services,course,mother,1,2,0,no,no,no,no,yes,yes,yes,no,4,3,3,1,1,2,6,12,12,Pass,Pass,True
GP,M,15,U,GT3,T,4,4,services,other,course,mother,1,1,0,no,yes,yes,yes,no,yes,yes,no,5,3,3,1,1,5,2,12,13,Pass,Pass,True
MS,M,18,U,LE3,T,1,1,at_home,at_home,course,mother,2,2,0,no,yes,no,yes,yes,yes,no,no,4,3,3,1,4,5,6,10,9,Pass,Pass,True
